Model,RMSE,MAE
Random,1.888160480467696,1.51485
Global Average,1.1238599168296066,0.9419550125
Popularity-Based,1.0209640682297232,0.8122727061657699
