Model,RMSE,MAE
Item-Based CF (Means),0.9402473461367594,0.7398669251147542
Item-Based CF (Z-Score),0.9423291830265266,0.7404703657467362
User-Based CF (Means),0.9538420917519742,0.7525615382075901
User-Based CF (Z-Score),0.9544218038414045,0.7505575067242817
User-Based CF (Basic),1.0193536815834319,0.8037993357440609
Baseline (Popularity),1.0209640682297232,0.8122727061657699
Item-Based CF (Basic),1.0264295933767333,0.8103814466470565
