Model,RMSE,MAE
SVD++ (Best MF),0.9189591310732684,0.7229162171651983
Content-Based (Genre),1.0281286503757814,0.8207901435697764
Hybrid (60/40),1.0566638192512565,0.8747894986048581
Hybrid (70/30),1.0701188682473493,0.8908852855295658
