Model,RMSE,MAE
SVD++,0.9199914069807026,0.7197773622663773
SVD (Tuned),0.9205032479901885,0.7252514284544616
SVD (Default),0.935171451026933,0.7375092386530285
Best CF (Item-Based Means),0.9402473461367594,0.7398669251147542
NMF,0.9594077989819741,0.753334768532524
ALS,2.7472634380144965,2.5061327816665173
